{
    "questions": [
        {
            "text": "One of the following is the MOST ploughed source of funds for women entrepreneurs",
            "options": [
                "personal assets and savings",
                "personal loans",
                "bank financing",
                "loans from friends /business associations"
            ],
            "correct_answer": "personal assets and savings"
        },
        {
            "text": "The LEAST favoured “business” started by women entrepreneurs are ; ",
            "options": [
                "service related",
                "manufacturing and  construction",
                "oil and gas",
                "high-tech"
            ],
            "correct_answer": "manufacturing and  construction"
        },
        {
            "text": "Where is the commercial capital of Nigeria?",
            "options": [
                "Ibadan",
                "Aba",
                "Kano",
                "Lagos"
            ],
            "correct_answer": "Lagos"
        },
        {
            "text": "Women more likely than men tend to --------------------------------------------",
            "options": [
                "have administrative experience",
                "have experience in the field of their ventures",
                "have middle level management experience",
                "have higher level management experience"
            ],
            "correct_answer": "have administrative experience"
        },
        {
            "text": "One of the not so obvious obstacles women entrepreneurs face include:",
            "options": [
                "financial obstacles",
                "economic obstacles",
                "soft obstacles",
                "emotional obstacles"
            ],
            "correct_answer": "soft obstacles"
        },
        {
            "text": "One of the very  obvious obstacles women entrepreneurs face include: ",
            "options": [
                "financial obstacles",
                "economic obstacles",
                "soft obstacles",
                "emotional obstacles"
            ],
            "correct_answer": "financial obstacles"
        },
        {
            "text": "---------------------------is an example of a woman entrepreneur: ",
            "options": [
                "Bola Shagaya",
                "Patience Goodluck Jonathan",
                "Fati Abubakar",
                "Evelyn Oputu"
            ],
            "correct_answer": "Bola Shagaya"
        },
        {
            "text": "Apart from group of individuals, alliance of organisations, who are those that seek sustainable pattern breaking ideas?",
            "options": [
                "People",
                "Network",
                "Firms",
                "Populace"
            ],
            "correct_answer": "Network"
        },
        {
            "text": "Social entrepreneurship exists in; ",
            "options": [
                "Few organisations",
                "Unique organisations",
                "Rare organisations",
                "All organisations"
            ],
            "correct_answer": "All organisations"
        },
        {
            "text": "Social entrepreneurship subsists in:",
            "options": [
                "Rare organisation",
                "Few organisations",
                "All organisation",
                "Unique organisations"
            ],
            "correct_answer": "All organisation"
        },
        {
            "text": "Social entrepreneurship rarely subsists in which organisation? ",
            "options": [
                "Government",
                "Corporate organisation",
                "Religious sector",
                "Humanitarian sector"
            ],
            "correct_answer": "Government"
        },
        {
            "text": "The launching and sustaining of social entrepreneurship unusually begins with:",
            "options": [
                "Group efforts",
                "Global efforts",
                "Personal efforts",
                "Local efforts"
            ],
            "correct_answer": "Local efforts"
        },
        {
            "text": "Credibility as an essential characteristic for successful social entrepreneur means:",
            "options": [
                "Ability to tap critical resources and build the necessary network of participating organisation",
                "be truthful and sound",
                "Accountability to the organisation",
                "Integrity and reliability of the person is topmost"
            ],
            "correct_answer": "Ability to tap critical resources and build the necessary network of participating organisation"
        },
        {
            "text": "Business entrepreneurs create and transform whole industries while social entrepreneurs ",
            "options": [
                "Create and transform people",
                "Create sustainable solutions that bring social value",
                "Socialize people into their culture",
                "Engage in powerful campaign for funding"
            ],
            "correct_answer": "Create sustainable solutions that bring social value"
        },
        {
            "text": "Every activity or effort of social entrepreneurs has global relevance but also has a __________ expression ",
            "options": [
                "State",
                "National",
                "Local",
                "Domestic"
            ],
            "correct_answer": "Local"
        },
        {
            "text": "A world view of social entrepreneurship is called ",
            "options": [
                "Amnesty entrepreneurship",
                "World social entrepreneurship",
                "International social entrepreneurship",
                "Regional social entrepreneurship"
            ],
            "correct_answer": "International social entrepreneurship"
        },
        {
            "text": "Majority of non-profit organisations target work is on the _______scale?",
            "options": [
                "Immediate",
                "Small-Scale",
                "Medium",
                "Long-term"
            ],
            "correct_answer": "Long-term"
        },
        {
            "text": "Continuous development and improvement of knowledge and skills in business can be fostered through",
            "options": [
                "Networking",
                "Social Interaction",
                "Reading",
                "Learning"
            ],
            "correct_answer": "Learning"
        },
        {
            "text": "Learning cut across .............sectors\t",
            "options": [
                "All",
                "Good",
                "Better",
                "Few"
            ],
            "correct_answer": "All"
        },
        {
            "text": "In the African context, learning is referred to as ............... continuous acquisition of knowledge and skills over time.",
            "options": [
                "Kinship’s",
                "Communities",
                "Individual’s",
                "Heir’s"
            ],
            "correct_answer": "Individual’s"
        },
        {
            "text": "Which of the following has NOT been identified (by research) as a personal characteristic that entrepreneurs need in order to succeed?",
            "options": [
                "Strong ethical fibre",
                "Tenacity",
                "Leadership skills",
                "Passion for the cause"
            ],
            "correct_answer": "Passion for the cause"
        },
        {
            "text": "The ability to pass on knowledge and skills from one person to another is ------------- in business succession and continuity.",
            "options": [
                "Decentral",
                "Continuous",
                "Central",
                "Difficult"
            ],
            "correct_answer": "Central"
        },
        {
            "text": "Learning means permanent life outside..............:",
            "options": [
                "Help zone",
                "Comfort zone",
                "True zone",
                "Trust zone"
            ],
            "correct_answer": "Comfort zone"
        },
        {
            "text": "The only way today’s entrepreneurs can cope, survive and be successful is to become a?\t     ",
            "options": [
                "Planner",
                "Competitor",
                "Continual Learner",
                "Networking"
            ],
            "correct_answer": "Continual Learner"
        },
        {
            "text": "Decision making is --------- process resulting in the selection of a course of action among several alternative scenarios.      ",
            "options": [
                "Mental",
                "Simple",
                "Thinking",
                "Spiritual"
            ],
            "correct_answer": "Mental"
        },
        {
            "text": "................. means deciding in advance the financial needs of a business to achieve the basic objective of the firm ",
            "options": [
                "Financial management",
                "Financial planning",
                "Financial control",
                "Financial forecasting"
            ],
            "correct_answer": "Financial planning"
        },
        {
            "text": "In financial terms, security means",
            "options": [
                "A feeling of having enough money, being safe and securely in profits",
                "When you take money to the bank and deposit it in a secure safe",
                "When you sign a contract with a creditor that he/she can repossess one of your assets should you be unable to pay back",
                "When you are wealthy and can pay back your debts"
            ],
            "correct_answer": "When you sign a contract with a creditor that he/she can repossess one of your assets should you be unable to pay back"
        },
        {
            "text": "Being resourceful entails that an entrepreneur  ",
            "options": [
                "Has the ability to apply new ideas to different situations",
                "Has the ability to take risk",
                "Has the ability to be task-oriented",
                "Has the ability to harness resources through sound management"
            ],
            "correct_answer": "Has the ability to harness resources through sound management"
        },
        {
            "text": "A facility that is not provided by Government that can be exploited by SMEs is",
            "options": [
                "Concessionary financing",
                "Merger of SMEs/Industry financing agencies",
                "Long term guarantees",
                "Overdraft"
            ],
            "correct_answer": "Overdraft"
        },
        {
            "text": "One of the following is a source of fund that is never typically paid back to its creditors ",
            "options": [
                "Venture capital",
                "Grant",
                "Over draft",
                "People-to-people lending"
            ],
            "correct_answer": "Grant"
        },
        {
            "text": "One of the following sources of financing has high interest rate?",
            "options": [
                "Credit card debt",
                "Bank loans",
                "Venture capital",
                "People-to-people lending"
            ],
            "correct_answer": "Credit card debt"
        },
        {
            "text": "When an entrepreneur decides in advance the financial needs of a business to achieve the basic objective of the firm; he is engaged in",
            "options": [
                "Financial management",
                "Financial planning",
                "Financial control",
                "Financial forecasting"
            ],
            "correct_answer": "Financial planning"
        },
        {
            "text": "Which of the following is odd?",
            "options": [
                "Merger of SMEs",
                "Long term guarantees",
                "Overdraft",
                "Concessionary financing by government agencies"
            ],
            "correct_answer": "Overdraft"
        },
        {
            "text": "Which of the following does not fit properly into this grouping",
            "options": [
                "Merger of SMEs",
                "Long term guarantees",
                "Overdraft",
                "Concessionary financing by government agencies"
            ],
            "correct_answer": "Overdraft"
        },
        {
            "text": "A source of fund that is typically not refunded to its creditors is ",
            "options": [
                "Venture capital",
                "Grant",
                "Over draft",
                "People-to-people lending"
            ],
            "correct_answer": "Venture capital"
        },
        {
            "text": "A person that initiates and starts a new venture is popularly known as  ",
            "options": [
                "Entrepreneur",
                "Intrapreneur",
                "Manager",
                "Business guru"
            ],
            "correct_answer": "Entrepreneur"
        },
        {
            "text": "The method of generating ideas that calls for listing the major attributes of existing products and modifying each attribute in search of an improved product is ",
            "options": [
                "Focus group",
                "Forced relationship",
                "Attribute listing)",
                "Morphological analysis"
            ],
            "correct_answer": "Attribute listing)"
        },
        {
            "text": "New business idea can best be generated through the following except ",
            "options": [
                "Problem identification",
                "Morphological analysis",
                "Brainstorming",
                "Intuition"
            ],
            "correct_answer": "Intuition"
        },
        {
            "text": "Electronic commerce focuses on the use of  ",
            "options": [
                "MBT",
                "ICT",
                "CTI",
                "ITC"
            ],
            "correct_answer": "ICT"
        },
        {
            "text": "The term \"e-business\" was coined by IBM’s marketing and Internet teams in ",
            "options": [
                "1987",
                "1995",
                "1996",
                "1999"
            ],
            "correct_answer": "1996"
        },
        {
            "text": "Electronic commerce or e-commerce refers to a wide range of online business activities for             ",
            "options": [
                "Peace and service",
                "goods and products",
                "products and services",
                "deals and contacts"
            ],
            "correct_answer": "products and services"
        },
        {
            "text": "Three primary processes are enhanced in e-business………..,….…and……………..                                 ",
            "options": [
                "Production processes, Customer-focused processes and Internal management processes",
                "price, promotion and process",
                "customer focused, internal management and place",
                "None of them"
            ],
            "correct_answer": "Production processes, Customer-focused processes and Internal management processes"
        },
        {
            "text": "Management theorist…………….. believes that process improvements transform business and lead to innovation, and they represent “the change that creates a new dimension of performance” for organizations. ",
            "options": [
                "John Clarke",
                "Peter Drucker",
                "Cantillon Mark",
                "Bart Arte"
            ],
            "correct_answer": "Peter Drucker"
        },
        {
            "text": "The major different types of e-commerce are all except one",
            "options": [
                "business-to-business (B2B)",
                "business-to-consumer (B2C)",
                "business-to-government (B2G)",
                "consumer-to- students (C2S)"
            ],
            "correct_answer": "consumer-to- students (C2S)"
        },
        {
            "text": "The primary route by which e-commerce will affect the economy at large is through its impact on ……………..and…………",
            "options": [
                "income and stagnation",
                "productivity and inflation",
                "prices and goods",
                "productivity and income"
            ],
            "correct_answer": "productivity and inflation"
        },
        {
            "text": "In……… buyers and sellers are gathered together into a single online trading community, reducing search costs even further ",
            "options": [
                "B2B markets",
                "C2C markets",
                "C2G Markets",
                "Mobile commerce"
            ],
            "correct_answer": "B2B markets"
        },
        {
            "text": "The type of e-commerce that is characterized by the growth of electronic marketplaces and online auctions is……..",
            "options": [
                "C2B",
                "B2B",
                "C2C",
                "C2G"
            ],
            "correct_answer": "C2C"
        },
        {
            "text": "E-commerce facilitates organization……….., wherein small firms depend on “partner” firms for supplies and product distribution to address customer demands more effectively ",
            "options": [
                "circles",
                "system",
                "business",
                "networks"
            ],
            "correct_answer": "networks"
        },
        {
            "text": "According to……….., although the e-Commerce market in Nigeria, is relatively new, it is however growing in fast pace to attract interests of different sectors of the economy ",
            "options": [
                "George Dowell (2004)",
                "Prince Osuagwu, 2013",
                "Mark Dons",
                "Rafael Nadal (2014)"
            ],
            "correct_answer": "Prince Osuagwu, 2013"
        },
        {
            "text": "Every business comes out of an…………",
            "options": [
                "idea",
                "opportunity",
                "customs",
                "aspiration"
            ],
            "correct_answer": "idea"
        },
        {
            "text": "Which among these is not a source of generating business idea ",
            "options": [
                "customers",
                "competitors",
                "conferences and workshops",
                "None of them"
            ],
            "correct_answer": "None of them"
        },
        {
            "text": "……….technique calls for identifying the structural dimensions of a problem and examining the relationship among them ",
            "options": [
                "Morphological Analysis",
                "Attribute listing",
                "Problem Identification",
                "Brainstorming"
            ],
            "correct_answer": "Morphological Analysis"
        },
        {
            "text": "Viable business ideas stem from inspiration, perspiration, and………",
            "options": [
                "source",
                "techniques",
                "calling",
                "marketing"
            ],
            "correct_answer": "techniques"
        },
        {
            "text": "The study of business is both………and………",
            "options": [
                "social and exciting",
                "exciting and challenging",
                "challenging and determining",
                "determining and social"
            ],
            "correct_answer": "exciting and challenging"
        },
        {
            "text": "Each of us encounters……..and…….. of business organizations as we go through the day ",
            "options": [
                "browns and items",
                "products and teaching",
                "products and services",
                "services and competition"
            ],
            "correct_answer": "products and services"
        },
        {
            "text": "…………….conceive, born and carry out their business activities in some organized set ups known as business enterprises or organizations ",
            "options": [
                "drivers",
                "servicemen",
                "organizers",
                "entrepreneurs"
            ],
            "correct_answer": "entrepreneurs"
        },
        {
            "text": "The sources from which an entrepreneur obtains the funds necessary to start up or operate a business is",
            "options": [
                "Investment",
                "Funding sources",
                "Risk bearing",
                "Financial management"
            ],
            "correct_answer": "Funding sources"
        },
        {
            "text": "Grants may be available for entrepreneurial activities from ",
            "options": [
                "Private Foundations or NGOs",
                "Competing organizations",
                "The open market",
                "Government agencies"
            ],
            "correct_answer": "Private Foundations or NGOs"
        },
        {
            "text": "……………….is key to sound financing and control that will ensure the relation of the major objective of the finance function",
            "options": [
                "Directing",
                "Controlling",
                "Organizing",
                "Planning"
            ],
            "correct_answer": "Planning"
        },
        {
            "text": "When a need is satisfied as investment worthy and a proposal is identified, the next line of action by the entrepreneur is ",
            "options": [
                "Distribution plan",
                "Feasibility study",
                "Financial plan",
                "Production plan"
            ],
            "correct_answer": "Financial plan"
        },
        {
            "text": "One source of funding available to the entrepreneur that is not paid back to the creditor is called",
            "options": [
                "Credit card",
                "Grant",
                "People-to-people lending",
                "Venture capital"
            ],
            "correct_answer": "Grant"
        },
        {
            "text": "......................... is financial capital provided to early-stage, high-potential, high risk, growth start-up companies",
            "options": [
                "Grant",
                "Venture capital",
                "Self-finance",
                "People-to-people lending"
            ],
            "correct_answer": "Venture capital"
        },
        {
            "text": "Each of us encounters……..and…….. of business organizations as we go through the day ",
            "options": [
                "browns and items",
                "products and teaching",
                "products and services",
                "services and competition"
            ],
            "correct_answer": "products and services"
        },
        {
            "text": "…………….conceive, born and carry out their business activities in some organized set ups known as business enterprises or organizations ",
            "options": [
                "drivers",
                "servicemen",
                "organizers",
                "entrepreneurs"
            ],
            "correct_answer": "entrepreneurs"
        }
    ]
}