{
    "questions": [
        {
            "text": "The first petroleum Company in Nigeria is",
            "options": [
                "Mobil",
                "Agip",
                "Texaco",
                "Shell"
            ],
            "correct_answer": " Shell"
        },
        {
            "text": "Petroleum is made up of mainly",
            "options": [
                "Carbon and hydrogen",
                "Sodium and magnesium",
                "Sodium and calcium",
                "mercury and Iron"
            ],
            "correct_answer": " Carbon and hydrogen"
        },
        {
            "text": "General studies programmes were adopted by NUC in",
            "options": [
                "1992",
                "1969",
                "1989",
                "1980"
            ],
            "correct_answer": " 1989"
        },
        {
            "text": "Petroleum is formed by",
            "options": [
                "decomposition of marine microorganisms",
                "Decomposition of atoms and electrons",
                "decomposition of oil",
                "decomposition of water element microorganisms"
            ],
            "correct_answer": " decomposition of marine microorganisms"
        },
        {
            "text": "Colonialism played a negative role in our quest for technological development except",
            "options": [
                "The people were colonized",
                "it lead to explosion of science",
                "their early technological feat were eroded",
                "Talented Nigerian were taken away"
            ],
            "correct_answer": " it lead to explosion of science"
        },
        {
            "text": "Establishment of car assembly plants, pharmaceutical industries etc in Nigeria by the developed nations",
            "options": [
                "Are good evidences of transfer of technology",
                "highly encourages transfer of technology",
                "does not constitute transfer of technology",
                "is prevalent"
            ],
            "correct_answer": " does not constitute transfer of technology"
        },
        {
            "text": "An educated person is expected to be",
            "options": [
                "myopic",
                "versatile",
                "exceptional",
                "average"
            ],
            "correct_answer": " versatile"
        },
        {
            "text": "The device used to store electric charges is",
            "options": [
                "Inductor",
                "transistor",
                "resister",
                "capacitors"
            ],
            "correct_answer": " capacitors"
        },
        {
            "text": "The first Nigeria to win a Nobel prize is",
            "options": [
                "Sofowora",
                "Emegwali",
                "Chinua Achebe",
                "Wole Soyinka"
            ],
            "correct_answer": " Wole Soyinka"
        },
        {
            "text": "The instrument used to measure current is",
            "options": [
                "ammeter",
                "transformer",
                "voltmeter",
                "choke"
            ],
            "correct_answer": " ammeter"
        },
        {
            "text": "The radiation with the highest range in air is",
            "options": [
                "cosmic ray",
                "Alpha particle",
                "gamma ray",
                "x-ray"
            ],
            "correct_answer": " gamma ray"
        },
        {
            "text": "The University in Nigeria that is center for automobile research is",
            "options": [
                "Unilag",
                "ABU",
                "UI",
                "UNN"
            ],
            "correct_answer": " ABU"
        },
        {
            "text": "Religion is a factor in technological development in Nigeria because.",
            "options": [
                "There is agreement in belief",
                "There is suspicion of one another",
                "Useful and precious times are put in religious matters.",
                "It encourages development"
            ],
            "correct_answer": " There is suspicion of one another"
        },
        {
            "text": "Work done is the",
            "options": [
                "sum of force and displacement",
                "Product of force and displacement",
                "difference of power and energy",
                "ratio of force and time"
            ],
            "correct_answer": " difference of power and energy"
        },
        {
            "text": "Product of force and A current of 8A flows across a metallic conductor of resistance 5 Ohms, the voltage across the conductor.",
            "options": [
                "1.6V",
                "13V",
                "40V",
                "30V"
            ],
            "correct_answer": " 40V"
        },
        {
            "text": "The seat belt in the car is in obedience to Newton's",
            "options": [
                "3rd Law of motion",
                "2nd Law of motion",
                "kepler's law",
                "1st law of motion"
            ],
            "correct_answer": " 3rd Law of motion"
        },
        {
            "text": "Advantages of Hydroelectric plant include the following except",
            "options": [
                "No atmospheric pollution",
                "It is noiseless",
                "It offers flood control and irrigation at the same time",
                "It is one of the cheaper way of producing large electricity"
            ],
            "correct_answer": " It is noiseless"
        },
        {
            "text": "The forces keeping the planets in their respective elliptical orbits around the sun are",
            "options": [
                "centripetal and centrifugal",
                "gravitational and centripetal",
                "friction and centrifugal",
                "Centripetal and friction"
            ],
            "correct_answer": " gravitational and centripetal"
        },
        {
            "text": "The electrical power is given by one of the following formuals",
            "options": [
                "IV",
                "I^2R^2",
                "I^2V^2",
                "IR^2"
            ],
            "correct_answer": " IV"
        },
        {
            "text": "The city in Nigeria that is making effort for us to have made in Nigeria car is",
            "options": [
                "Nnewi",
                "Ibadan",
                "Kano",
                "Owerri"
            ],
            "correct_answer": " Nnewi"
        }
    ]
}